emp_id,emp_name,department,city,salary,experience,hire_date,performance_score
1,Employee_1,IT,Chandigarh,136074,2,2020-11-10,1
2,Employee_2,Sales,Bengaluru,86898,20,2022-04-04,2
3,Employee_3,HR,Bengaluru,28715,12,2022-11-08,5
4,Employee_4,HR,Jaipur,83377,8,2020-07-26,5
5,Employee_5,HR,Pune,29009,0,2018-04-15,5
6,Employee_6,HR,Bengaluru,114978,6,2022-09-25,1
7,Employee_7,Marketing,Mumbai,125099,14,2023-07-24,5
8,Employee_8,IT,Pune,55260,7,2023-02-26,3
9,Employee_9,HR,Bengaluru,134783,17,2019-02-14,2
10,Employee_10,Operations,Jaipur,137714,9,2019-05-11,3
11,Employee_11,Operations,Jaipur,90640,13,2023-09-11,2
12,Employee_12,Finance,Pune,102015,15,2023-09-01,4
13,Employee_13,Marketing,Delhi,87944,7,2022-07-14,4
14,Employee_14,Operations,Mumbai,73119,17,2022-03-15,1
15,Employee_15,Sales,Jaipur,91640,3,2019-11-02,5
16,Employee_16,Sales,Pune,89185,0,2023-04-07,1
17,Employee_17,Finance,Jaipur,136188,19,2024-08-26,5
18,Employee_18,Sales,Jaipur,47328,5,2023-08-20,2
19,Employee_19,HR,Mumbai,95728,17,2020-08-08,4
20,Employee_20,Marketing,Pune,149841,18,2021-12-18,4
21,Employee_21,Finance,Jaipur,96826,19,2018-01-24,4
22,Employee_22,Operations,Chandigarh,131055,4,2023-10-26,5
23,Employee_23,IT,Bengaluru,149481,1,2023-05-25,3
24,Employee_24,Marketing,Chandigarh,51193,16,2022-08-21,4
25,Employee_25,Finance,Bengaluru,70361,0,2024-01-15,5
26,Employee_26,Marketing,Chandigarh,68402,14,2024-09-23,1
27,Employee_27,IT,Jaipur,48227,17,2024-07-21,2
28,Employee_28,HR,Chandigarh,129477,8,2018-05-13,1
29,Employee_29,HR,Delhi,84375,0,2021-02-25,2
30,Employee_30,Finance,Delhi,129502,19,2020-01-27,3
31,Employee_31,Finance,Delhi,46950,5,2020-11-11,5
32,Employee_32,IT,Jaipur,60771,20,2021-04-21,4
33,Employee_33,Operations,Pune,90076,15,2019-04-13,1
34,Employee_34,Finance,Bengaluru,70002,13,2020-02-10,3
35,Employee_35,HR,Pune,142941,16,2020-05-06,5
36,Employee_36,Sales,Delhi,54540,0,2022-06-16,2
37,Employee_37,HR,Jaipur,46001,14,2023-09-05,4
38,Employee_38,Marketing,Mumbai,107676,16,2023-01-21,2
39,Employee_39,Marketing,Jaipur,29023,12,2024-06-16,3
40,Employee_40,Operations,Jaipur,80875,1,2021-05-08,2
41,Employee_41,IT,Delhi,65158,2,2018-11-10,3
42,Employee_42,Finance,Jaipur,45736,13,2024-05-02,3
43,Employee_43,IT,Delhi,98494,1,2024-08-16,2
44,Employee_44,Marketing,Bengaluru,47481,19,2023-09-16,1
45,Employee_45,Sales,Mumbai,70472,3,2020-04-22,5
46,Employee_46,Operations,Bengaluru,102517,6,2023-07-10,1
47,Employee_47,Operations,Bengaluru,63806,16,2023-08-10,1
48,Employee_48,Finance,Chandigarh,139245,12,2021-02-26,1
49,Employee_49,IT,Mumbai,137399,10,2024-04-26,2
50,Employee_50,Finance,Bengaluru,52922,8,2019-01-30,4
51,Employee_51,Marketing,Pune,144858,17,2023-06-08,5
52,Employee_52,IT,Delhi,120088,1,2018-12-13,2
53,Employee_53,IT,Mumbai,144404,17,2020-05-22,3
54,Employee_54,Finance,Chandigarh,91307,8,2022-02-16,3
55,Employee_55,Finance,Delhi,63170,7,2024-10-09,4
56,Employee_56,IT,Chandigarh,97243,3,2021-08-06,1
57,Employee_57,Sales,Delhi,74837,4,2019-05-28,3
58,Employee_58,HR,Chandigarh,101992,12,2018-11-10,5
59,Employee_59,Marketing,Mumbai,99182,2,2020-12-28,3
60,Employee_60,Finance,Chandigarh,95031,3,2023-02-19,3
61,Employee_61,HR,Delhi,133497,9,2018-02-20,5
62,Employee_62,Operations,Delhi,37017,13,2019-04-17,1
63,Employee_63,IT,Mumbai,127958,18,2022-09-21,2
64,Employee_64,HR,Bengaluru,46939,7,2019-10-14,1
65,Employee_65,Sales,Bengaluru,130707,17,2021-04-19,5
66,Employee_66,Finance,Jaipur,87522,10,2019-02-15,2
67,Employee_67,Operations,Pune,30193,0,2018-02-13,3
68,Employee_68,Operations,Chandigarh,66975,14,2022-05-22,3
69,Employee_69,Sales,Delhi,33413,10,2024-09-29,4
70,Employee_70,HR,Pune,53205,19,2024-02-02,4
71,Employee_71,Operations,Pune,58958,5,2024-01-28,2
72,Employee_72,Finance,Mumbai,57293,11,2018-11-30,3
73,Employee_73,HR,Bengaluru,36860,20,2024-06-10,3
74,Employee_74,IT,Bengaluru,65210,1,2021-09-02,2
75,Employee_75,Finance,Chandigarh,142112,9,2020-10-03,3
76,Employee_76,HR,Chandigarh,105136,18,2024-09-07,1
77,Employee_77,IT,Mumbai,27670,7,2022-07-04,1
78,Employee_78,Finance,Chandigarh,138712,2,2018-11-04,1
79,Employee_79,Operations,Delhi,63118,11,2023-07-14,4
80,Employee_80,IT,Delhi,90723,10,2018-11-12,5
81,Employee_81,Operations,Mumbai,48536,4,2019-08-03,3
82,Employee_82,Finance,Delhi,117972,16,2024-10-01,3
83,Employee_83,IT,Mumbai,43570,17,2018-05-11,3
84,Employee_84,Marketing,Jaipur,143902,17,2020-04-21,2
85,Employee_85,Finance,Bengaluru,95450,5,2018-07-18,2
86,Employee_86,Finance,Delhi,114401,14,2022-10-28,5
87,Employee_87,Finance,Chandigarh,82592,17,2023-01-31,1
88,Employee_88,Sales,Pune,47481,8,2023-06-13,1
89,Employee_89,Operations,Bengaluru,99790,0,2018-09-13,3
90,Employee_90,Marketing,Mumbai,102797,4,2019-07-22,3
91,Employee_91,Finance,Bengaluru,98934,12,2019-12-07,5
92,Employee_92,HR,Mumbai,88700,0,2019-12-29,5
93,Employee_93,Finance,Chandigarh,142051,20,2022-12-01,2
94,Employee_94,IT,Pune,89890,15,2020-07-10,4
95,Employee_95,Finance,Chandigarh,105122,20,2021-02-01,2
96,Employee_96,HR,Delhi,125033,16,2022-02-19,2
97,Employee_97,Marketing,Mumbai,65868,9,2021-05-12,5
98,Employee_98,Finance,Mumbai,116918,14,2024-09-01,1
99,Employee_99,HR,Chandigarh,92364,18,2022-03-26,2
100,Employee_100,IT,Pune,80935,6,2024-05-21,1
101,Employee_101,Sales,Jaipur,76590,20,2021-11-26,4
102,Employee_102,Marketing,Mumbai,96332,1,2023-11-18,1
103,Employee_103,Finance,Jaipur,38244,8,2018-12-09,2
104,Employee_104,Marketing,Jaipur,114997,2,2022-12-28,2
105,Employee_105,Sales,Bengaluru,77067,5,2021-08-26,4
106,Employee_106,IT,Chandigarh,144129,15,2020-05-18,1
107,Employee_107,Sales,Chandigarh,94999,13,2019-04-29,3
108,Employee_108,Finance,Mumbai,74656,17,2018-01-17,2
109,Employee_109,Marketing,Bengaluru,100901,0,2018-05-07,5
110,Employee_110,IT,Pune,52080,5,2021-03-12,2
111,Employee_111,Marketing,Mumbai,60812,9,2024-07-27,3
112,Employee_112,Operations,Bengaluru,128689,5,2024-02-12,3
113,Employee_113,Sales,Bengaluru,137158,3,2020-05-05,5
114,Employee_114,Sales,Mumbai,62230,3,2018-04-09,1
115,Employee_115,Marketing,Jaipur,26732,17,2021-04-29,2
116,Employee_116,HR,Chandigarh,73985,18,2021-06-28,4
117,Employee_117,Marketing,Jaipur,71768,16,2021-08-18,1
118,Employee_118,HR,Bengaluru,119105,14,2021-12-05,3
119,Employee_119,Marketing,Bengaluru,69481,18,2023-07-10,1
120,Employee_120,Operations,Bengaluru,75120,6,2024-03-31,1
121,Employee_121,Finance,Jaipur,103402,16,2020-03-25,4
122,Employee_122,Marketing,Chandigarh,78603,9,2019-11-29,4
123,Employee_123,Marketing,Jaipur,94593,6,2022-01-12,5
124,Employee_124,HR,Jaipur,76008,18,2022-10-11,4
125,Employee_125,Finance,Chandigarh,101602,2,2023-07-12,2
126,Employee_126,Operations,Jaipur,63127,20,2018-03-27,4
127,Employee_127,Operations,Jaipur,45458,20,2022-06-16,3
128,Employee_128,IT,Delhi,131866,19,2018-02-11,3
129,Employee_129,Finance,Jaipur,78888,17,2021-05-28,2
130,Employee_130,Sales,Pune,88510,5,2023-03-29,5
131,Employee_131,HR,Pune,91883,3,2024-08-16,4
132,Employee_132,HR,Pune,33781,14,2018-03-22,2
133,Employee_133,Marketing,Jaipur,149010,5,2019-01-17,4
134,Employee_134,Operations,Jaipur,61149,19,2021-05-31,2
135,Employee_135,Marketing,Mumbai,56094,10,2021-01-07,1
136,Employee_136,HR,Jaipur,133878,16,2022-02-17,4
137,Employee_137,Marketing,Chandigarh,121564,1,2019-11-22,3
138,Employee_138,Operations,Jaipur,118511,17,2021-01-09,3
139,Employee_139,Marketing,Jaipur,55423,12,2024-04-17,4
140,Employee_140,IT,Bengaluru,128516,8,2024-11-05,3
141,Employee_141,Operations,Mumbai,58917,19,2020-09-27,1
142,Employee_142,Marketing,Bengaluru,66488,13,2020-10-14,3
143,Employee_143,IT,Delhi,107036,5,2024-06-30,4
144,Employee_144,Marketing,Jaipur,44422,19,2020-12-09,4
145,Employee_145,Marketing,Mumbai,43169,4,2022-12-11,3
146,Employee_146,Finance,Bengaluru,56521,3,2020-04-24,3
147,Employee_147,HR,Delhi,54834,12,2021-08-09,4
148,Employee_148,HR,Mumbai,30895,1,2024-09-13,1
149,Employee_149,IT,Jaipur,29549,15,2023-12-05,5
150,Employee_150,Sales,Pune,111890,8,2019-04-29,5
151,Employee_151,Operations,Mumbai,37482,7,2022-06-26,2
152,Employee_152,Sales,Bengaluru,74531,5,2020-08-07,2
153,Employee_153,Finance,Bengaluru,96698,18,2022-05-15,2
154,Employee_154,Sales,Jaipur,58800,10,2023-07-26,5
155,Employee_155,HR,Mumbai,35335,1,2018-03-05,1
156,Employee_156,Sales,Pune,141500,12,2024-07-04,3
157,Employee_157,IT,Bengaluru,45980,20,2019-09-16,1
158,Employee_158,HR,Bengaluru,44028,17,2018-08-22,5
159,Employee_159,Sales,Pune,42036,2,2023-03-11,3
160,Employee_160,HR,Delhi,95383,1,2023-11-21,2
161,Employee_161,HR,Pune,127340,3,2022-11-07,1
162,Employee_162,IT,Delhi,90491,20,2019-06-18,3
163,Employee_163,Operations,Mumbai,111902,14,2022-05-16,3
164,Employee_164,Operations,Pune,59058,20,2020-09-22,2
165,Employee_165,HR,Chandigarh,147574,18,2019-12-19,3
166,Employee_166,Sales,Chandigarh,116495,17,2023-11-09,1
167,Employee_167,Finance,Chandigarh,79086,17,2020-03-27,5
168,Employee_168,Sales,Jaipur,34186,8,2018-10-24,3
169,Employee_169,IT,Delhi,44793,1,2020-04-12,4
170,Employee_170,HR,Delhi,108508,2,2023-10-02,4
171,Employee_171,Marketing,Pune,38013,10,2018-06-14,2
172,Employee_172,Marketing,Delhi,83110,4,2022-06-07,4
173,Employee_173,HR,Jaipur,93748,8,2019-01-06,3
174,Employee_174,Finance,Delhi,64562,1,2022-04-23,1
175,Employee_175,Operations,Pune,66052,4,2020-12-02,4
176,Employee_176,HR,Jaipur,64812,3,2022-10-07,2
177,Employee_177,Marketing,Chandigarh,51923,10,2021-10-19,5
178,Employee_178,Sales,Chandigarh,88065,3,2019-06-16,4
179,Employee_179,Marketing,Chandigarh,119290,18,2023-11-01,5
180,Employee_180,HR,Pune,122409,5,2020-03-30,3
181,Employee_181,Sales,Chandigarh,67496,3,2022-08-05,3
182,Employee_182,IT,Chandigarh,33501,1,2021-05-15,5
183,Employee_183,Finance,Bengaluru,64101,10,2021-12-15,3
184,Employee_184,Finance,Jaipur,123109,16,2023-08-15,1
185,Employee_185,Marketing,Delhi,44497,10,2021-08-26,3
186,Employee_186,Marketing,Delhi,84220,8,2023-05-19,4
187,Employee_187,Finance,Jaipur,74876,2,2024-06-29,1
188,Employee_188,IT,Delhi,93643,15,2024-06-15,3
189,Employee_189,IT,Jaipur,100207,10,2022-01-21,3
190,Employee_190,Sales,Pune,85892,19,2021-10-26,5
191,Employee_191,Marketing,Mumbai,28810,4,2020-10-21,2
192,Employee_192,Marketing,Mumbai,143856,3,2020-01-27,4
193,Employee_193,Operations,Chandigarh,31567,3,2024-02-14,3
194,Employee_194,Operations,Delhi,51783,8,2018-10-01,5
195,Employee_195,Marketing,Jaipur,35288,2,2020-06-09,2
196,Employee_196,Marketing,Bengaluru,27863,18,2022-02-16,4
197,Employee_197,Operations,Pune,53827,6,2024-09-15,4
198,Employee_198,IT,Bengaluru,84269,11,2024-02-09,2
199,Employee_199,Sales,Jaipur,34528,8,2022-07-27,2
200,Employee_200,HR,Jaipur,94728,12,2023-10-08,4
201,Employee_201,HR,Bengaluru,105719,16,2024-06-26,5
202,Employee_202,Sales,Delhi,71114,14,2018-01-27,2
203,Employee_203,Finance,Jaipur,115614,20,2018-01-23,5
204,Employee_204,HR,Pune,92173,10,2024-02-03,5
205,Employee_205,Marketing,Pune,93895,13,2024-01-30,5
206,Employee_206,Sales,Chandigarh,107570,18,2021-06-14,4
207,Employee_207,Finance,Mumbai,91364,14,2024-07-29,2
208,Employee_208,Marketing,Mumbai,58127,20,2018-02-09,4
209,Employee_209,Operations,Jaipur,99174,1,2022-02-17,4
210,Employee_210,Sales,Pune,147751,0,2019-01-06,1
211,Employee_211,HR,Bengaluru,60242,14,2021-01-18,3
212,Employee_212,Operations,Jaipur,136706,15,2021-10-10,4
213,Employee_213,Sales,Delhi,88402,11,2019-08-16,4
214,Employee_214,IT,Delhi,47554,8,2022-02-15,2
215,Employee_215,Marketing,Pune,149469,13,2020-11-22,5
216,Employee_216,Finance,Jaipur,80149,8,2022-11-11,3
217,Employee_217,Sales,Mumbai,118777,15,2022-07-05,4
218,Employee_218,HR,Delhi,41969,6,2019-09-05,2
219,Employee_219,Operations,Delhi,38535,8,2019-09-30,4
220,Employee_220,HR,Bengaluru,110152,5,2018-01-13,1
221,Employee_221,Sales,Chandigarh,31667,17,2020-06-13,5
222,Employee_222,Sales,Pune,31164,20,2019-02-27,5
223,Employee_223,Operations,Bengaluru,134433,3,2020-12-22,3
224,Employee_224,IT,Bengaluru,130528,1,2020-05-27,1
225,Employee_225,Sales,Delhi,112648,14,2021-04-20,5
226,Employee_226,Sales,Bengaluru,40224,19,2023-05-17,1
227,Employee_227,IT,Bengaluru,105430,6,2019-11-16,5
228,Employee_228,Finance,Bengaluru,122409,17,2021-03-28,4
229,Employee_229,Operations,Chandigarh,144674,6,2021-10-12,4
230,Employee_230,HR,Delhi,124323,11,2020-12-31,1
231,Employee_231,Marketing,Jaipur,82704,9,2019-02-17,2
232,Employee_232,Marketing,Pune,60433,7,2022-08-14,2
233,Employee_233,IT,Pune,50599,13,2024-04-16,5
234,Employee_234,HR,Chandigarh,134372,19,2023-09-18,2
235,Employee_235,Sales,Pune,61672,15,2021-06-06,3
236,Employee_236,Sales,Mumbai,90373,11,2024-09-19,4
237,Employee_237,IT,Pune,48089,19,2020-01-13,5
238,Employee_238,Operations,Bengaluru,95092,4,2018-08-27,5
239,Employee_239,Finance,Chandigarh,115453,4,2020-05-23,3
240,Employee_240,Marketing,Bengaluru,87967,10,2019-04-30,2
241,Employee_241,IT,Jaipur,58615,7,2018-12-27,5
242,Employee_242,Operations,Delhi,98803,5,2019-04-21,2
243,Employee_243,Marketing,Mumbai,90931,18,2021-06-15,4
244,Employee_244,Finance,Delhi,126422,0,2021-06-04,5
245,Employee_245,IT,Delhi,122393,7,2021-02-21,3
246,Employee_246,Finance,Chandigarh,119210,16,2022-04-03,1
247,Employee_247,HR,Pune,70485,4,2019-04-10,3
248,Employee_248,IT,Jaipur,100236,1,2021-11-22,1
249,Employee_249,HR,Jaipur,38527,9,2021-07-22,2
250,Employee_250,Finance,Chandigarh,31522,11,2018-05-08,1
251,Employee_251,IT,Bengaluru,73766,20,2020-09-18,1
252,Employee_252,Operations,Pune,60865,0,2023-10-12,3
253,Employee_253,HR,Pune,146023,20,2019-05-31,5
254,Employee_254,Finance,Bengaluru,36937,18,2023-12-02,4
255,Employee_255,Marketing,Bengaluru,95223,12,2021-05-18,2
256,Employee_256,Operations,Pune,96974,4,2018-08-09,5
257,Employee_257,Marketing,Delhi,47956,7,2020-05-30,4
258,Employee_258,Finance,Chandigarh,27619,8,2024-01-17,3
259,Employee_259,Marketing,Pune,87027,4,2022-07-10,1
260,Employee_260,Operations,Pune,34053,20,2024-02-08,3
261,Employee_261,Marketing,Chandigarh,135600,16,2024-07-07,1
262,Employee_262,Marketing,Pune,83390,4,2019-10-01,1
263,Employee_263,Marketing,Mumbai,113685,6,2023-06-06,3
264,Employee_264,Finance,Pune,45941,4,2022-04-13,4
265,Employee_265,Sales,Delhi,103774,4,2021-01-09,3
266,Employee_266,Operations,Jaipur,129777,20,2024-10-08,1
267,Employee_267,Marketing,Delhi,145544,20,2019-06-28,4
268,Employee_268,Operations,Chandigarh,148508,3,2023-02-26,1
269,Employee_269,Sales,Chandigarh,114030,13,2021-02-04,3
270,Employee_270,Sales,Bengaluru,104400,14,2018-08-07,1
271,Employee_271,Sales,Delhi,109683,0,2018-06-22,1
272,Employee_272,Marketing,Mumbai,94526,16,2021-12-30,5
273,Employee_273,Finance,Chandigarh,144144,20,2021-12-30,4
274,Employee_274,Operations,Mumbai,146573,19,2020-09-09,1
275,Employee_275,Marketing,Pune,139294,5,2019-04-22,1
276,Employee_276,Operations,Pune,80364,11,2020-11-04,1
277,Employee_277,Marketing,Bengaluru,79386,12,2022-01-09,3
278,Employee_278,Finance,Bengaluru,129620,7,2024-11-02,5
279,Employee_279,IT,Delhi,69760,3,2023-10-03,2
280,Employee_280,Marketing,Jaipur,107038,15,2021-10-28,1
281,Employee_281,Marketing,Delhi,87948,6,2022-04-19,2
282,Employee_282,Sales,Jaipur,54858,3,2020-10-14,3
283,Employee_283,Finance,Jaipur,57135,14,2023-04-14,3
284,Employee_284,Sales,Jaipur,126339,6,2022-11-05,4
285,Employee_285,Sales,Chandigarh,40782,18,2023-06-23,3
286,Employee_286,IT,Mumbai,26565,12,2022-08-26,1
287,Employee_287,HR,Jaipur,34776,5,2023-02-23,4
288,Employee_288,Operations,Chandigarh,129578,9,2019-09-29,2
289,Employee_289,Marketing,Delhi,149096,8,2018-03-18,4
290,Employee_290,Sales,Jaipur,117364,7,2024-01-12,4
291,Employee_291,HR,Chandigarh,130363,7,2022-09-29,2
292,Employee_292,Operations,Mumbai,69888,7,2018-11-08,5
293,Employee_293,Marketing,Mumbai,48017,12,2024-07-25,1
294,Employee_294,Marketing,Mumbai,81023,7,2018-06-15,5
295,Employee_295,Operations,Mumbai,116790,16,2024-01-08,1
296,Employee_296,IT,Bengaluru,127167,14,2019-05-03,5
297,Employee_297,Operations,Delhi,75723,2,2024-04-12,1
298,Employee_298,Operations,Bengaluru,30895,16,2020-09-06,1
299,Employee_299,HR,Pune,86135,8,2022-08-30,2
300,Employee_300,Marketing,Mumbai,98618,10,2023-12-31,4
301,Employee_301,Marketing,Bengaluru,97590,5,2022-06-08,4
302,Employee_302,IT,Bengaluru,132075,8,2022-01-14,2
303,Employee_303,Finance,Chandigarh,61633,5,2018-12-09,3
304,Employee_304,Finance,Mumbai,58877,8,2020-10-30,3
305,Employee_305,Sales,Pune,99117,14,2018-02-25,2
306,Employee_306,IT,Pune,54611,6,2018-10-16,5
307,Employee_307,Marketing,Chandigarh,51006,17,2022-10-25,2
308,Employee_308,Marketing,Mumbai,97602,14,2022-05-22,2
309,Employee_309,HR,Jaipur,147518,2,2019-09-20,1
310,Employee_310,HR,Jaipur,78134,12,2022-09-06,2
311,Employee_311,Marketing,Chandigarh,41931,17,2024-02-16,1
312,Employee_312,IT,Bengaluru,43274,9,2020-04-09,4
313,Employee_313,Finance,Jaipur,134916,5,2020-07-11,3
314,Employee_314,Operations,Mumbai,70576,15,2024-01-02,3
315,Employee_315,HR,Chandigarh,133442,9,2020-05-05,4
316,Employee_316,HR,Pune,129928,19,2024-08-24,1
317,Employee_317,Marketing,Pune,123926,14,2020-11-10,5
318,Employee_318,HR,Delhi,133600,10,2019-10-17,2
319,Employee_319,Operations,Delhi,39747,13,2024-07-30,2
320,Employee_320,Operations,Mumbai,91091,16,2022-06-14,1
321,Employee_321,Operations,Mumbai,132384,12,2023-10-21,2
322,Employee_322,Operations,Chandigarh,58371,0,2019-05-11,2
323,Employee_323,Marketing,Bengaluru,111907,15,2024-02-11,5
324,Employee_324,IT,Pune,29942,20,2019-11-19,5
325,Employee_325,Marketing,Mumbai,137104,13,2021-01-26,4
326,Employee_326,Sales,Pune,89746,3,2019-06-15,2
327,Employee_327,Marketing,Delhi,84497,1,2023-06-24,2
328,Employee_328,Sales,Jaipur,95603,10,2020-09-24,1
329,Employee_329,HR,Jaipur,122792,1,2022-09-28,4
330,Employee_330,IT,Mumbai,103029,16,2020-02-18,5
331,Employee_331,Sales,Chandigarh,72257,6,2020-08-11,3
332,Employee_332,Operations,Chandigarh,124240,2,2021-10-28,1
333,Employee_333,Sales,Delhi,134321,19,2019-12-26,2
334,Employee_334,Finance,Bengaluru,30643,18,2023-08-15,1
335,Employee_335,Marketing,Bengaluru,37056,12,2023-09-28,5
336,Employee_336,Operations,Pune,76692,8,2021-12-13,4
337,Employee_337,HR,Chandigarh,149210,15,2018-03-13,4
338,Employee_338,Finance,Chandigarh,123165,10,2019-09-04,5
339,Employee_339,Marketing,Chandigarh,136537,8,2018-09-27,5
340,Employee_340,Finance,Bengaluru,76251,16,2018-04-07,5
341,Employee_341,Marketing,Delhi,29841,18,2023-12-10,1
342,Employee_342,HR,Pune,69131,11,2024-03-06,1
343,Employee_343,Operations,Pune,101379,2,2023-06-10,1
344,Employee_344,Marketing,Bengaluru,68841,16,2024-02-07,1
345,Employee_345,IT,Pune,72297,6,2019-08-22,5
346,Employee_346,IT,Chandigarh,39140,12,2021-07-23,5
347,Employee_347,Sales,Pune,69750,8,2024-10-29,3
348,Employee_348,HR,Jaipur,33318,20,2020-10-07,3
349,Employee_349,Sales,Chandigarh,62205,18,2018-12-08,1
350,Employee_350,Operations,Mumbai,143541,8,2022-08-22,1
351,Employee_351,IT,Pune,97199,20,2020-12-12,2
352,Employee_352,IT,Delhi,61323,15,2018-07-12,5
353,Employee_353,Finance,Mumbai,132743,17,2018-11-04,5
354,Employee_354,Finance,Pune,146344,9,2023-10-16,2
355,Employee_355,HR,Bengaluru,131709,11,2018-06-02,1
356,Employee_356,Finance,Bengaluru,123275,5,2024-03-31,1
357,Employee_357,Operations,Chandigarh,117020,20,2023-11-24,4
358,Employee_358,IT,Mumbai,55518,3,2024-08-03,2
359,Employee_359,Marketing,Chandigarh,41048,8,2023-02-21,2
360,Employee_360,HR,Pune,84784,10,2021-12-23,2
361,Employee_361,Operations,Delhi,26828,15,2018-05-13,2
362,Employee_362,Finance,Chandigarh,30225,0,2020-07-31,1
363,Employee_363,Marketing,Mumbai,29601,16,2020-03-31,2
364,Employee_364,Sales,Pune,56853,15,2023-09-04,3
365,Employee_365,Finance,Bengaluru,148790,20,2018-10-28,2
366,Employee_366,Marketing,Mumbai,49579,19,2021-05-01,5
367,Employee_367,Sales,Chandigarh,87130,11,2018-04-05,4
368,Employee_368,HR,Delhi,111397,20,2024-06-25,5
369,Employee_369,Sales,Jaipur,101309,10,2021-10-20,1
370,Employee_370,Operations,Bengaluru,50597,16,2023-07-18,5
371,Employee_371,Marketing,Jaipur,97137,16,2023-05-11,5
372,Employee_372,Operations,Jaipur,100458,14,2024-10-08,4
373,Employee_373,IT,Pune,113556,16,2021-05-20,5
374,Employee_374,Sales,Chandigarh,95740,8,2020-11-12,3
375,Employee_375,HR,Chandigarh,124270,1,2023-02-18,4
376,Employee_376,Finance,Mumbai,91582,14,2020-05-06,4
377,Employee_377,Finance,Jaipur,107028,4,2022-04-22,4
378,Employee_378,HR,Jaipur,39578,11,2018-02-03,3
379,Employee_379,Marketing,Jaipur,32081,9,2022-04-01,1
380,Employee_380,Finance,Pune,65478,18,2018-07-23,2
381,Employee_381,Operations,Delhi,68075,3,2018-09-29,2
382,Employee_382,Operations,Pune,78695,19,2021-10-27,2
383,Employee_383,HR,Jaipur,116822,5,2023-08-28,5
384,Employee_384,Operations,Pune,64651,9,2022-03-29,4
385,Employee_385,Marketing,Bengaluru,131257,2,2020-03-26,4
386,Employee_386,IT,Chandigarh,30534,19,2020-09-13,2
387,Employee_387,IT,Jaipur,76731,12,2020-05-10,5
388,Employee_388,IT,Jaipur,64223,11,2018-01-06,3
389,Employee_389,Sales,Bengaluru,47397,4,2018-05-08,3
390,Employee_390,Sales,Chandigarh,69812,16,2023-06-29,3
391,Employee_391,Marketing,Delhi,101495,20,2021-04-12,5
392,Employee_392,Operations,Pune,81299,0,2021-06-26,1
393,Employee_393,Operations,Bengaluru,40068,16,2020-06-22,5
394,Employee_394,Operations,Jaipur,123222,8,2022-11-25,3
395,Employee_395,IT,Delhi,38433,19,2023-10-12,5
396,Employee_396,Marketing,Mumbai,42003,9,2018-07-17,1
397,Employee_397,IT,Delhi,113137,1,2022-09-29,1
398,Employee_398,HR,Delhi,26174,1,2024-01-13,3
399,Employee_399,Finance,Delhi,105152,0,2024-04-08,2
400,Employee_400,Sales,Mumbai,59899,9,2024-07-10,5
401,Employee_401,Marketing,Pune,141495,7,2020-01-19,2
402,Employee_402,Sales,Delhi,56272,17,2023-01-28,1
403,Employee_403,Finance,Pune,78314,3,2018-03-07,5
404,Employee_404,IT,Chandigarh,108904,2,2020-01-28,2
405,Employee_405,IT,Mumbai,64870,3,2018-08-29,3
406,Employee_406,Operations,Mumbai,33233,14,2019-09-07,2
407,Employee_407,HR,Jaipur,62517,11,2018-08-27,5
408,Employee_408,HR,Bengaluru,51244,7,2020-01-29,1
409,Employee_409,HR,Mumbai,32083,3,2018-12-25,2
410,Employee_410,Finance,Jaipur,58046,16,2022-09-28,2
411,Employee_411,Operations,Delhi,119887,8,2020-03-08,3
412,Employee_412,Finance,Pune,84541,19,2022-04-16,4
413,Employee_413,HR,Bengaluru,147124,7,2023-06-28,3
414,Employee_414,IT,Chandigarh,110082,3,2020-09-08,1
415,Employee_415,Sales,Pune,94765,9,2021-10-04,3
416,Employee_416,Sales,Bengaluru,72758,11,2021-07-17,4
417,Employee_417,Sales,Chandigarh,27242,11,2019-06-06,3
418,Employee_418,IT,Pune,99293,4,2024-02-25,2
419,Employee_419,IT,Bengaluru,109527,20,2019-09-16,2
420,Employee_420,IT,Delhi,131516,19,2020-11-05,2
421,Employee_421,Finance,Jaipur,66315,5,2021-02-09,4
422,Employee_422,Finance,Delhi,81145,4,2024-03-02,3
423,Employee_423,Sales,Delhi,135728,4,2021-07-17,1
424,Employee_424,Operations,Mumbai,87859,17,2018-05-24,1
425,Employee_425,Operations,Mumbai,110127,11,2022-02-08,5
426,Employee_426,Finance,Chandigarh,107187,11,2021-11-02,1
427,Employee_427,IT,Bengaluru,29276,8,2020-05-10,1
428,Employee_428,IT,Pune,67869,18,2022-07-09,2
429,Employee_429,Finance,Delhi,55376,9,2024-05-17,1
430,Employee_430,IT,Delhi,42754,7,2022-02-19,5
431,Employee_431,Finance,Mumbai,46282,7,2018-11-05,3
432,Employee_432,Marketing,Chandigarh,91750,17,2024-09-24,5
433,Employee_433,Sales,Bengaluru,101131,16,2023-04-30,2
434,Employee_434,Marketing,Pune,50620,13,2018-10-31,3
435,Employee_435,IT,Mumbai,125007,4,2019-07-02,2
436,Employee_436,HR,Mumbai,88663,11,2020-01-24,1
437,Employee_437,Finance,Delhi,104913,7,2020-05-15,1
438,Employee_438,Sales,Jaipur,110981,6,2024-09-30,3
439,Employee_439,IT,Chandigarh,115623,0,2020-06-10,3
440,Employee_440,Sales,Chandigarh,29745,1,2022-02-11,4
441,Employee_441,Marketing,Pune,42762,15,2018-10-07,5
442,Employee_442,Finance,Jaipur,122192,18,2021-06-30,5
443,Employee_443,Finance,Chandigarh,36743,15,2021-10-16,4
444,Employee_444,HR,Pune,33248,20,2021-08-15,1
445,Employee_445,IT,Pune,54595,10,2020-12-11,3
446,Employee_446,Finance,Bengaluru,79520,0,2021-04-21,2
447,Employee_447,Operations,Pune,31370,3,2022-11-03,4
448,Employee_448,Marketing,Mumbai,61479,11,2024-05-05,4
449,Employee_449,Marketing,Pune,104764,8,2019-12-08,3
450,Employee_450,IT,Pune,37399,12,2022-01-01,5
451,Employee_451,Operations,Chandigarh,116276,6,2022-06-10,4
452,Employee_452,IT,Bengaluru,116466,7,2018-06-04,2
453,Employee_453,HR,Jaipur,34243,1,2023-10-29,5
454,Employee_454,Sales,Chandigarh,88472,10,2023-11-02,2
455,Employee_455,Marketing,Jaipur,90165,12,2018-02-24,4
456,Employee_456,Marketing,Jaipur,98691,14,2019-11-09,5
457,Employee_457,Marketing,Pune,31761,11,2021-12-16,4
458,Employee_458,IT,Jaipur,109525,17,2021-05-28,1
459,Employee_459,Sales,Pune,50589,5,2019-07-06,4
460,Employee_460,HR,Pune,99362,10,2019-12-12,5
461,Employee_461,Sales,Bengaluru,26098,18,2020-08-16,5
462,Employee_462,HR,Bengaluru,110777,5,2023-09-19,2
463,Employee_463,Sales,Bengaluru,41166,10,2020-12-09,2
464,Employee_464,IT,Pune,42254,5,2023-12-12,3
465,Employee_465,IT,Chandigarh,117615,13,2023-04-02,4
466,Employee_466,Marketing,Chandigarh,65775,5,2023-10-31,5
467,Employee_467,Marketing,Pune,102599,6,2021-03-03,2
468,Employee_468,Operations,Delhi,131617,10,2019-05-03,4
469,Employee_469,Sales,Jaipur,110815,16,2020-01-03,5
470,Employee_470,Sales,Bengaluru,131814,17,2022-12-17,3
471,Employee_471,IT,Delhi,36163,3,2019-02-03,5
472,Employee_472,Sales,Mumbai,83115,12,2020-01-16,4
473,Employee_473,Sales,Chandigarh,136790,18,2018-05-30,5
474,Employee_474,IT,Chandigarh,83977,15,2022-05-16,3
475,Employee_475,Finance,Mumbai,135349,19,2021-01-24,2
476,Employee_476,HR,Chandigarh,32937,2,2024-03-03,2
477,Employee_477,Sales,Pune,82881,10,2019-02-21,4
478,Employee_478,HR,Jaipur,86379,8,2022-08-04,4
479,Employee_479,Finance,Chandigarh,37586,5,2022-07-02,5
480,Employee_480,Sales,Chandigarh,122117,15,2023-09-02,2
481,Employee_481,Finance,Mumbai,70868,4,2020-03-03,2
482,Employee_482,IT,Bengaluru,110143,4,2019-02-28,1
483,Employee_483,Sales,Delhi,84454,4,2022-03-15,5
484,Employee_484,Finance,Pune,77170,0,2022-05-07,4
485,Employee_485,Operations,Bengaluru,64541,9,2024-07-08,4
486,Employee_486,Finance,Pune,47825,3,2023-06-28,2
487,Employee_487,Sales,Mumbai,85127,3,2024-01-14,1
488,Employee_488,Marketing,Pune,66464,15,2024-04-08,3
489,Employee_489,Operations,Chandigarh,66917,17,2024-08-23,4
490,Employee_490,Finance,Bengaluru,115572,12,2024-01-06,2
491,Employee_491,IT,Mumbai,95327,6,2024-09-01,2
492,Employee_492,HR,Pune,143659,19,2018-09-10,3
493,Employee_493,Sales,Delhi,70125,11,2022-01-20,5
494,Employee_494,Marketing,Jaipur,139404,13,2020-05-06,3
495,Employee_495,IT,Pune,77093,12,2019-12-21,1
496,Employee_496,Sales,Jaipur,143208,11,2024-10-10,5
497,Employee_497,IT,Mumbai,33635,19,2021-08-04,4
498,Employee_498,IT,Jaipur,139196,9,2019-01-28,4
499,Employee_499,HR,Pune,37222,13,2019-09-20,1
500,Employee_500,Marketing,Jaipur,132213,5,2021-10-26,2
